{
    "loss": 7.636224269866943,
    "accuracy": 0.5833333134651184
}